id;user_id;card_number;card_holder_name;card_expiration_month;card_expiration_year;card_cvv
529856d2-c843-4912-8217-65ce8d3b0675;7c5c12bf-f80f-4ec3-815a-222224580aab;Berkshire;Pre-emptive transmit Multi-channelled;11743;5290;haptic
7675fe8a-d448-4e30-9584-eeb8ff83ccc3;d6a0bb96-d260-418d-b795-d18bffd808ab;New incubate Beauty;Pizza Kids;94232;86683;scalable Cheese reboot
784a2679-c440-4bcf-8390-ca137ba8bbb9;5903f6a2-169d-4aff-ad8b-3b9465ec2e15;program;Dollar South Handcrafted;12755;17927;Response Implemented
aa35f4f3-bf98-4818-ba40-2c7133e83a2d;c9b78e78-ad04-4873-949b-1b2132befe24;Polarised client-driven;navigating engineer;81668;83869;Rue Developer Open-source
5647a3f4-5548-47ac-8445-650a48605d69;7f9895e3-c756-430b-9f0a-cf8cf1d7ce0b;invoice;Metal;90476;24766;Metrics
714d3fb0-15fe-4fd9-a09d-9084001989c2;4d429871-4d22-4ea8-9b11-efee6cd45ece;hacking Shirt protocol;Auto Legacy Car;33701;3008;Springs multi-tasking
249d8f67-5df0-4821-b929-292b3c371529;c35e760d-2933-450d-a98d-939b9022b0c0;Account secondary Electronics;CSS Computer;52176;53141;multi-byte
35fff4fd-133e-4998-bfbd-0d1abf7360a2;60a814b8-93fa-4e80-861b-9df639f891e4;Inverse;Rubber Intelligent Idaho;97569;10725;repurpose
86740665-2e10-4d93-803d-c9c28b4f98f4;6962dd14-93d8-4169-8415-6e47cbaf9cea;Integration Movies parse;Singapore;78527;75217;Public-key Beauty Bacon
f5ec2826-c7ad-4fcc-9caf-c524256e57d6;3374f616-a35a-4779-b6ee-bd2f50863f62;invoice;Bike;54549;64385;orange SMS Walk
